Hospital names,ki_total,ki1,ki1_nurses6_wte,ki1_nurses7_wte,ki2,ki2_psych_wte,ki3,ki3_strokenurse_outofhours,ki3_strokenurse_bed1_weekdays10pm,ki3_strokenurse_bed1_saturdays,ki3_strokenurse_bed1_saturdays10pm,ki3_strokenurse_bed1_sundays,ki3_strokenurse_bed1_sundays10pm,ki3_strokenurse_bed3_weekdays10pm,ki3_strokenurse_bed3_saturdays,ki3_strokenurse_bed3_saturdays10pm,ki3_strokenurse_bed3_sundays,ki3_strokenurse_bed3_sundays10pm,ki4,ki4_minimum_nurse_bed1_saturdays10am,ki4_minimum_nurse_bed1_sundays10am,ki4_minimum_nurse_bed3_saturdays10am,ki4_minimum_nurse_bed3_sundays10am,ki5,ki5_occupationaltherapy_7days,ki5_physiotherapy_7days,ki5_speechlanguagetherapy_7days,ki6,ki6_prealert_ivtcandidates,ki6_prealert_fastpositive,ki6_prealert_othersuspectedstroke,ki6_prealert_strokenurse,ki6_prealert_juniordoctor,ki6_prealert_consultant,ki7,ki7_stroke_esd_team,ki7_percent_access_to_stroke_esd_team,ki8,ki8_patientcarersurvey_frequency,ki9,ki9_tia_brainimaging_mostused,ki9_tia_outpatients_seen,ki9_tia_outpatient_timescale,ki10,ki10_management_executiveonboard,ki10_management_nonexecutiveonboard,ki10_management_chairmanofclinicalgovernance
Queens Hospital Romford HASU,6,Yes,2.73,1.14,No,0.48,Yes,Yes,5,5,5,5,5,Not Applicable,Not Applicable,Not Applicable,Not Applicable,Not Applicable,Yes,3.57,3.57,Not Applicable,Not Applicable,No,6,6,6,No,No,Yes,Yes,Yes,No,No,Yes,Yes,1,Yes,Continuous (every patient),No,Computed Tomography,Yes,The same day (7 days a week),Yes,Yes,Yes,Yes
Newham General Hospital,6,Yes,1.54,1.54,No,0,"At site treating your patients during the first 72h:_x000D_
 Yes","At site treating your patients during the first 72h:_x000D_
 Yes",Not Applicable,Not Applicable,Not Applicable,Not Applicable,Not Applicable,Not Applicable,Not Applicable,Not Applicable,Not Applicable,Not Applicable,"At site treating your patients during the first 72h:_x000D_
 Yes","At site treating your patients during the first 72h:_x000D_
 3.33","At site treating your patients during the first 72h:_x000D_
 3.33","At site treating your patients during the first 72h:_x000D_
 Not Applicable","At site treating your patients during the first 72h:_x000D_
 Not Applicable",No,5,5,5,"At site treating your patients during the first 72h:_x000D_
 No","At site treating your patients during the first 72h:_x000D_
 Yes","At site treating your patients during the first 72h:_x000D_
 Yes","At site treating your patients during the first 72h:_x000D_
 Yes","At site treating your patients during the first 72h:_x000D_
 No","At site treating your patients during the first 72h:_x000D_
 No","At site treating your patients during the first 72h:_x000D_
 No",Yes,Yes,1,Yes,Continuous (every patient),Yes,Magnetic Resonance Imaging,Yes,The same day (5 days a week),No,No,No,No
Royal London Hospital HASU,5,Yes,2.85,0.38,No,0.23,Yes,Yes,4,4,4,4,4,Not Applicable,Not Applicable,Not Applicable,Not Applicable,Not Applicable,Yes,3.33,3.33,Not Applicable,Not Applicable,No,6,7,5,No,Yes,Yes,Yes,No,No,No,Yes,Yes,0.8,No,Less than once a year,Yes,Magnetic Resonance Imaging,Yes,The same day (5 days a week),No,No,No,No
Whipps Cross University Hospital,3,Yes,2.63,0.53,No,0,No,No,Not Applicable,Not Applicable,Not Applicable,Not Applicable,Not Applicable,5,10,5,8,5,Yes,Not Applicable,Not Applicable,5.26,4.21,No,5,5,5,No,No,No,No,No,No,No,Yes,Yes,0.8,No,Never,No,Computed Tomography,Yes,The same day (5 days a week),No,No,No,No
Charing Cross Hospital HASU,5,Yes,3.67,0.44,No,0.27,Yes,Yes,6,7,6,7,6,1,1,1,1,1,Yes,3.5,3.5,3.33,3.33,Yes,7,7,5,No,Yes,No,No,No,No,No,No,Yes,0.6,Yes,3-4 times a year,No,Computed Tomography,Yes,The same day (5 days a week),No,No,No,No
King's College Hospital HASU,9,Yes,3.21,0.71,Yes,1.29,Yes,Yes,5,5,5,5,5,Not Applicable,Not Applicable,Not Applicable,Not Applicable,Not Applicable,Yes,4.17,4.17,Not Applicable,Not Applicable,No,5,5,5,Yes,Yes,Yes,Yes,Yes,Yes,No,Yes,Yes,1,Yes,Continuous (every patient),Yes,Magnetic Resonance Imaging,Yes,The same day (5 days a week),Yes,Yes,No,No
Princess Royal University Hospital HASU,7,Yes,3.25,1.25,No,0.75,Yes,Yes,6,6,6,6,6,Not Applicable,Not Applicable,Not Applicable,Not Applicable,Not Applicable,Yes,4.29,4.29,Not Applicable,Not Applicable,Yes,7,7,6,Yes,Yes,Yes,Sometimes,Yes,Yes,Yes,Yes,Yes,1,No,Never,No,Computed Tomography,Yes,The same day (5 days a week),Yes,Yes,Yes,Yes
Northwick Park Hospital HASU,9,Yes,4.2,0.6,Yes,1.14,Yes,Yes,7,7,7,7,7,Not Applicable,Not Applicable,Not Applicable,Not Applicable,Not Applicable,Yes,4.38,4.38,Not Applicable,Not Applicable,Yes,7,7,7,Yes,Yes,Yes,Sometimes,Yes,Yes,No,No,Yes,0.59,Yes,More than 4 a year,Yes,Magnetic Resonance Imaging,Yes,The same day (7 days a week),Yes,Yes,No,No
St George's Hospital HASU,6,Yes,3.33,1.11,No,0.83,Yes,Yes,8,8,8,8,8,Not Applicable,Not Applicable,Not Applicable,Not Applicable,Not Applicable,Yes,4,4,Not Applicable,Not Applicable,Yes,7,7,7,No,Yes,Yes,No,Yes,Yes,No,Yes,Yes,1,Yes,1-2 times a year,No,Computed Tomography,Yes,The next weekday,No,No,No,No
University College Hospital HASU,7,Yes,5.71,0.86,No,0.86,Yes,Yes,7,7,7,7,7,Not Applicable,Not Applicable,Not Applicable,Not Applicable,Not Applicable,Yes,3.89,3.89,Not Applicable,Not Applicable,No,5,5,5,Yes,Yes,Yes,Yes,Yes,Yes,No,Yes,Yes,0.8,Yes,Continuous (every patient),No,Magnetic Resonance Imaging,No,Not Applicable,Yes,No,No,Yes
St Helier Hospital,7,Yes,2.5,0.83,No,0.75,"At site treating your patients during the first 72h:_x000D_
 Yes","At site treating your patients during the first 72h:_x000D_
 Yes",Not Applicable,Not Applicable,Not Applicable,Not Applicable,Not Applicable,Not Applicable,Not Applicable,Not Applicable,Not Applicable,Not Applicable,"At site treating your patients during the first 72h:_x000D_
 Yes","At site treating your patients during the first 72h:_x000D_
 4","At site treating your patients during the first 72h:_x000D_
 4","At site treating your patients during the first 72h:_x000D_
 Not Applicable","At site treating your patients during the first 72h:_x000D_
 Not Applicable",No,5,5,5,"At site treating your patients during the first 72h:_x000D_
 No","At site treating your patients during the first 72h:_x000D_
 Yes","At site treating your patients during the first 72h:_x000D_
 Yes","At site treating your patients during the first 72h:_x000D_
 No","At site treating your patients during the first 72h:_x000D_
 Yes","At site treating your patients during the first 72h:_x000D_
 Yes","At site treating your patients during the first 72h:_x000D_
 No",Yes,Yes,1,Yes,Continuous (every patient),Yes,Magnetic Resonance Imaging,Yes,The next weekday,Yes,Yes,Yes,No
Chelsea and Westminster Hospital,6,Yes,2,0.5,No,0.6,"At site treating your patients during the first 72h:_x000D_
 Yes","At site treating your patients during the first 72h:_x000D_
 Yes",Not Applicable,Not Applicable,Not Applicable,Not Applicable,Not Applicable,Not Applicable,Not Applicable,Not Applicable,Not Applicable,Not Applicable,"At site treating your patients during the first 72h:_x000D_
 Yes","At site treating your patients during the first 72h:_x000D_
 3.5","At site treating your patients during the first 72h:_x000D_
 3.5","At site treating your patients during the first 72h:_x000D_
 3.33","At site treating your patients during the first 72h:_x000D_
 3.33",No,5,5,5,"At site treating your patients during the first 72h:_x000D_
 No","At site treating your patients during the first 72h:_x000D_
 Yes","At site treating your patients during the first 72h:_x000D_
 No","At site treating your patients during the first 72h:_x000D_
 No","At site treating your patients during the first 72h:_x000D_
 No","At site treating your patients during the first 72h:_x000D_
 No","At site treating your patients during the first 72h:_x000D_
 No",Yes,Yes,1,Yes,Continuous (every patient),No,Computed Tomography,Yes,The same day (7 days a week),Yes,Yes,Yes,No
West Middlesex University Hospital,4,No,1.82,0.45,No,0.27,"At site treating your patients during the first 72h:_x000D_
 Yes","At site treating your patients during the first 72h:_x000D_
 Yes",Not Applicable,Not Applicable,Not Applicable,Not Applicable,Not Applicable,Not Applicable,Not Applicable,Not Applicable,Not Applicable,Not Applicable,"At site treating your patients during the first 72h:_x000D_
 Yes","At site treating your patients during the first 72h:_x000D_
 3.5","At site treating your patients during the first 72h:_x000D_
 3.5","At site treating your patients during the first 72h:_x000D_
 3.33","At site treating your patients during the first 72h:_x000D_
 3.33",No,5,5,5,"At site treating your patients during the first 72h:_x000D_
 No","At site treating your patients during the first 72h:_x000D_
 Yes","At site treating your patients during the first 72h:_x000D_
 No","At site treating your patients during the first 72h:_x000D_
 No","At site treating your patients during the first 72h:_x000D_
 No","At site treating your patients during the first 72h:_x000D_
 No","At site treating your patients during the first 72h:_x000D_
 No",No,Yes,0.24,Yes,1-2 times a year,No,Computed Tomography,Yes,The next day,Yes,Yes,No,No
Croydon University Hospital,5,No,1.92,0.38,Yes,1.15,"At site treating your patients during the first 72h:_x000D_
 Yes","At site treating your patients during the first 72h:_x000D_
 Yes",Not Applicable,Not Applicable,Not Applicable,Not Applicable,Not Applicable,Not Applicable,Not Applicable,Not Applicable,Not Applicable,Not Applicable,"At site treating your patients during the first 72h:_x000D_
 Yes","At site treating your patients during the first 72h:_x000D_
 4","At site treating your patients during the first 72h:_x000D_
 4","At site treating your patients during the first 72h:_x000D_
 Not Applicable","At site treating your patients during the first 72h:_x000D_
 Not Applicable",No,5,5,5,"At site treating your patients during the first 72h:_x000D_
 No","At site treating your patients during the first 72h:_x000D_
 Yes","At site treating your patients during the first 72h:_x000D_
 Yes","At site treating your patients during the first 72h:_x000D_
 No","At site treating your patients during the first 72h:_x000D_
 Yes","At site treating your patients during the first 72h:_x000D_
 Yes","At site treating your patients during the first 72h:_x000D_
 No",No,Yes,0.6,Yes,1-2 times a year,Yes,Magnetic Resonance Imaging,Yes,The same day (5 days a week),No,No,No,No
St Thomas Hospital,10,Yes,3.18,0.45,Yes,1.36,"At site treating your patients during the first 72h:_x000D_
 Yes","At site treating your patients during the first 72h:_x000D_
 Yes",Not Applicable,Not Applicable,Not Applicable,Not Applicable,Not Applicable,Not Applicable,Not Applicable,Not Applicable,Not Applicable,Not Applicable,"At site treating your patients during the first 72h:_x000D_
 Yes","At site treating your patients during the first 72h:_x000D_
 4.17","At site treating your patients during the first 72h:_x000D_
 4.17","At site treating your patients during the first 72h:_x000D_
 Not Applicable","At site treating your patients during the first 72h:_x000D_
 Not Applicable",Yes,7,7,5,"At site treating your patients during the first 72h:_x000D_
 Yes","At site treating your patients during the first 72h:_x000D_
 Yes","At site treating your patients during the first 72h:_x000D_
 Yes","At site treating your patients during the first 72h:_x000D_
 Yes","At site treating your patients during the first 72h:_x000D_
 Yes","At site treating your patients during the first 72h:_x000D_
 Yes","At site treating your patients during the first 72h:_x000D_
 No",Yes,Yes,1,Yes,3-4 times a year,Yes,Magnetic Resonance Imaging,Yes,The same day (5 days a week),Yes,Yes,No,Yes
Hillingdon Hospital,4,No,1.5,0.5,No,0.19,"At site treating your patients during the first 72h:_x000D_
 Yes","At site treating your patients during the first 72h:_x000D_
 Yes",Not Applicable,Not Applicable,Not Applicable,Not Applicable,Not Applicable,Not Applicable,Not Applicable,Not Applicable,Not Applicable,Not Applicable,"At site treating your patients during the first 72h:_x000D_
 Yes","At site treating your patients during the first 72h:_x000D_
 4.38","At site treating your patients during the first 72h:_x000D_
 4.38","At site treating your patients during the first 72h:_x000D_
 Not Applicable","At site treating your patients during the first 72h:_x000D_
 Not Applicable",No,5,5,5,"At site treating your patients during the first 72h:_x000D_
 Yes","At site treating your patients during the first 72h:_x000D_
 Yes","At site treating your patients during the first 72h:_x000D_
 Yes","At site treating your patients during the first 72h:_x000D_
 Sometimes","At site treating your patients during the first 72h:_x000D_
 Yes","At site treating your patients during the first 72h:_x000D_
 Yes","At site treating your patients during the first 72h:_x000D_
 No",No,Yes,0.3,Yes,1-2 times a year,No,Magnetic Resonance Imaging,No,Not Applicable,No,No,No,No
Homerton University Hospital,3,No,0.83,0.83,No,0.75,"At site treating your patients during the first 72h:_x000D_
 Yes","At site treating your patients during the first 72h:_x000D_
 Yes",Not Applicable,Not Applicable,Not Applicable,Not Applicable,Not Applicable,Not Applicable,Not Applicable,Not Applicable,Not Applicable,Not Applicable,"At site treating your patients during the first 72h:_x000D_
 Yes","At site treating your patients during the first 72h:_x000D_
 3.33","At site treating your patients during the first 72h:_x000D_
 3.33","At site treating your patients during the first 72h:_x000D_
 Not Applicable","At site treating your patients during the first 72h:_x000D_
 Not Applicable",No,6,6,5,"At site treating your patients during the first 72h:_x000D_
 No","At site treating your patients during the first 72h:_x000D_
 Yes","At site treating your patients during the first 72h:_x000D_
 Yes","At site treating your patients during the first 72h:_x000D_
 Yes","At site treating your patients during the first 72h:_x000D_
 No","At site treating your patients during the first 72h:_x000D_
 No","At site treating your patients during the first 72h:_x000D_
 No",Yes,Yes,1,No,Less than once a year,No,Magnetic Resonance Imaging,Yes,Within a week,No,No,No,No
Kingston Hospital,7,Yes,2,0.5,No,0.6,"At site treating your patients during the first 72h:_x000D_
 Yes","At site treating your patients during the first 72h:_x000D_
 Yes",Not Applicable,Not Applicable,Not Applicable,Not Applicable,Not Applicable,Not Applicable,Not Applicable,Not Applicable,Not Applicable,Not Applicable,"At site treating your patients during the first 72h:_x000D_
 Yes","At site treating your patients during the first 72h:_x000D_
 4","At site treating your patients during the first 72h:_x000D_
 4","At site treating your patients during the first 72h:_x000D_
 Not Applicable","At site treating your patients during the first 72h:_x000D_
 Not Applicable",No,5,5,5,"At site treating your patients during the first 72h:_x000D_
 No","At site treating your patients during the first 72h:_x000D_
 Yes","At site treating your patients during the first 72h:_x000D_
 Yes","At site treating your patients during the first 72h:_x000D_
 No","At site treating your patients during the first 72h:_x000D_
 Yes","At site treating your patients during the first 72h:_x000D_
 Yes","At site treating your patients during the first 72h:_x000D_
 No",Yes,Yes,1,Yes,Continuous (every patient),Yes,Magnetic Resonance Imaging,Yes,The same day (5 days a week),Yes,Yes,Yes,Yes
University Hospital Lewisham,6,No,0.8,0.4,No,0.36,"At site treating your patients during the first 72h:_x000D_
 Yes","At site treating your patients during the first 72h:_x000D_
 Yes",Not Applicable,Not Applicable,Not Applicable,Not Applicable,Not Applicable,Not Applicable,Not Applicable,Not Applicable,Not Applicable,Not Applicable,"At site treating your patients during the first 72h:_x000D_
 Yes","At site treating your patients during the first 72h:_x000D_
 4.17","At site treating your patients during the first 72h:_x000D_
 4.17","At site treating your patients during the first 72h:_x000D_
 Not Applicable","At site treating your patients during the first 72h:_x000D_
 Not Applicable",Yes,7,7,5,"At site treating your patients during the first 72h:_x000D_
 Yes","At site treating your patients during the first 72h:_x000D_
 Yes","At site treating your patients during the first 72h:_x000D_
 Yes","At site treating your patients during the first 72h:_x000D_
 Yes","At site treating your patients during the first 72h:_x000D_
 Yes","At site treating your patients during the first 72h:_x000D_
 Yes","At site treating your patients during the first 72h:_x000D_
 No",Yes,Yes,0.95,No,Less than once a year,No,Computed Tomography,Yes,The next day,Yes,No,No,Yes
North Middlesex Hospital,8,Yes,2.06,0.5,No,0,"At site treating your patients during the first 72h:_x000D_
 Yes","At site treating your patients during the first 72h:_x000D_
 Yes",Not Applicable,Not Applicable,Not Applicable,Not Applicable,Not Applicable,Not Applicable,Not Applicable,Not Applicable,Not Applicable,Not Applicable,"At site treating your patients during the first 72h:_x000D_
 Yes","At site treating your patients during the first 72h:_x000D_
 3.89","At site treating your patients during the first 72h:_x000D_
 3.89","At site treating your patients during the first 72h:_x000D_
 Not Applicable","At site treating your patients during the first 72h:_x000D_
 Not Applicable",No,5,5,5,"At site treating your patients during the first 72h:_x000D_
 Yes","At site treating your patients during the first 72h:_x000D_
 Yes","At site treating your patients during the first 72h:_x000D_
 Yes","At site treating your patients during the first 72h:_x000D_
 Yes","At site treating your patients during the first 72h:_x000D_
 Yes","At site treating your patients during the first 72h:_x000D_
 Yes","At site treating your patients during the first 72h:_x000D_
 No",Yes,Yes,0.95,Yes,3-4 times a year,Yes,Magnetic Resonance Imaging,Yes,The next day,Yes,Yes,No,No
Royal Free Hospital,7,Yes,2.78,1.11,Yes,1.67,"At site treating your patients during the first 72h:_x000D_
 Yes","At site treating your patients during the first 72h:_x000D_
 Yes",Not Applicable,Not Applicable,Not Applicable,Not Applicable,Not Applicable,Not Applicable,Not Applicable,Not Applicable,Not Applicable,Not Applicable,"At site treating your patients during the first 72h:_x000D_
 Yes","At site treating your patients during the first 72h:_x000D_
 3.89","At site treating your patients during the first 72h:_x000D_
 3.89","At site treating your patients during the first 72h:_x000D_
 Not Applicable","At site treating your patients during the first 72h:_x000D_
 Not Applicable",No,5,5,5,"At site treating your patients during the first 72h:_x000D_
 Yes","At site treating your patients during the first 72h:_x000D_
 Yes","At site treating your patients during the first 72h:_x000D_
 Yes","At site treating your patients during the first 72h:_x000D_
 Yes","At site treating your patients during the first 72h:_x000D_
 Yes","At site treating your patients during the first 72h:_x000D_
 Yes","At site treating your patients during the first 72h:_x000D_
 No",Yes,Yes,1,Yes,Continuous (every patient),No,Computed Tomography,Yes,The same day (5 days a week),No,No,No,No
Barnet General Hospital,6,No,1.25,0.42,No,0,"At site treating your patients during the first 72h:_x000D_
 Yes","At site treating your patients during the first 72h:_x000D_
 Yes",Not Applicable,Not Applicable,Not Applicable,Not Applicable,Not Applicable,Not Applicable,Not Applicable,Not Applicable,Not Applicable,Not Applicable,"At site treating your patients during the first 72h:_x000D_
 Yes","At site treating your patients during the first 72h:_x000D_
 3.89","At site treating your patients during the first 72h:_x000D_
 3.89","At site treating your patients during the first 72h:_x000D_
 Not Applicable","At site treating your patients during the first 72h:_x000D_
 Not Applicable",Yes,7,7,5,"At site treating your patients during the first 72h:_x000D_
 Yes","At site treating your patients during the first 72h:_x000D_
 Yes","At site treating your patients during the first 72h:_x000D_
 Yes","At site treating your patients during the first 72h:_x000D_
 Yes","At site treating your patients during the first 72h:_x000D_
 Yes","At site treating your patients during the first 72h:_x000D_
 Yes","At site treating your patients during the first 72h:_x000D_
 No",Yes,Yes,1,Yes,Continuous (every patient),No,Computed Tomography,Yes,The next day,No,No,No,No
Northampton General Hospital,9,Yes,2.24,0.75,No,0.45,Yes,Yes,3,4,3,4,3,Not Applicable,Not Applicable,Not Applicable,Not Applicable,Not Applicable,Yes,3.33,3.33,Not Applicable,Not Applicable,Yes,7,7,5,Yes,Yes,Yes,Yes,Yes,No,No,Yes,Yes,1,Yes,1-2 times a year,Yes,Magnetic Resonance Imaging,Yes,The same day (7 days a week),Yes,Yes,No,Yes
Nottingham City Hospital,8,Yes,2.33,0.45,No,0.09,Yes,Yes,3,4,3,4,3,Not Applicable,Not Applicable,Not Applicable,Not Applicable,Not Applicable,No,2.5,2.5,Not Applicable,Not Applicable,Yes,7,7,6,Yes,Yes,Yes,Yes,Yes,No,No,Yes,Yes,0.9,Yes,1-2 times a year,Yes,Magnetic Resonance Imaging,Yes,The same day (7 days a week),Yes,Yes,No,Yes
Kings Mill Hospital,5,Yes,3.83,0.34,No,0.62,Yes,Yes,Not Applicable,Not Applicable,Not Applicable,Not Applicable,Not Applicable,5,7,5,7,5,No,Not Applicable,Not Applicable,2.41,2.41,Yes,7,7,5,No,Yes,Sometimes,Sometimes,No,No,No,No,Yes,0.6,Yes,More than 4 a year,Yes,Magnetic Resonance Imaging,Yes,The same day (7 days a week),No,No,No,No
Lincoln County Hospital,7,Yes,2.07,0.36,No,0,Yes,Yes,1,1,1,1,1,1,2,1,2,1,No,2.5,2.5,1.67,1.67,Yes,7,7,5,No,Yes,Yes,Yes,No,No,No,Yes,Yes,1,Yes,Continuous (every patient),Yes,Magnetic Resonance Imaging,Yes,The same day (5 days a week),Yes,Yes,No,Yes
Pilgrim Hospital,6,No,1.08,0.42,No,0,Yes,Yes,1,1,1,1,1,3,4,3,4,3,No,2.5,2.5,2,2,Yes,7,7,6,No,Yes,Yes,Yes,No,No,No,Yes,Yes,1,Yes,1-2 times a year,Yes,Magnetic Resonance Imaging,Yes,The next day,Yes,Yes,No,Yes
Royal Derby Hospital,8,Yes,1.47,2.35,Yes,1.32,Yes,Yes,2,2,2,2,2,Not Applicable,Not Applicable,Not Applicable,Not Applicable,Not Applicable,Yes,5,5,Not Applicable,Not Applicable,No,6,6,5,Yes,Yes,Sometimes,Sometimes,Yes,No,No,Yes,Yes,1,Yes,Continuous (every patient),No,Computed Tomography,Yes,The same day (7 days a week),Yes,Yes,No,No
Leicester Royal Infirmary,4,No,1.39,0.56,No,0,Yes,Yes,Not Applicable,Not Applicable,Not Applicable,Not Applicable,Not Applicable,5,5,5,5,4,No,Not Applicable,Not Applicable,1.39,1.39,Yes,7,7,5,No,Sometimes,Yes,Sometimes,No,No,No,No,Yes,0.4,No,Less than once a year,Yes,Magnetic Resonance Imaging,Yes,The next day,Yes,Yes,No,Yes
Basildon University Hospital,8,Yes,3.48,0.43,No,0,Yes,Yes,3,3,3,3,3,Not Applicable,Not Applicable,Not Applicable,Not Applicable,Not Applicable,Yes,3.75,3.75,Not Applicable,Not Applicable,Yes,7,7,5,Yes,Yes,Yes,Yes,Yes,No,No,Yes,Yes,1,Yes,Continuous (every patient),Yes,Magnetic Resonance Imaging,Yes,The same day (7 days a week),No,No,No,No
Addenbrooke's Hospital,4,Yes,2.31,0.56,No,0.5,Yes,Yes,2,3,2,3,2,1,1,1,1,1,No,3.75,3.75,1.67,1.67,No,6,7,5,Yes,Yes,Yes,Sometimes,Yes,No,No,No,Yes,0.55,Yes,Continuous (every patient),No,Computed Tomography,Yes,The same day (5 days a week),No,No,No,No
Colchester General Hospital,8,Yes,3.38,0.47,No,0.36,Yes,Yes,3,3,3,3,3,Not Applicable,Not Applicable,Not Applicable,Not Applicable,Not Applicable,Yes,5,5,Not Applicable,Not Applicable,Yes,7,7,5,Yes,Yes,Sometimes,Sometimes,Yes,No,No,Yes,Yes,1,Yes,More than 4 a year,No,Computed Tomography,Yes,The same day (7 days a week),Yes,Yes,No,No
Ipswich Hospital,4,Yes,3.12,0.4,No,0,Yes,Yes,1,1,1,1,1,Not Applicable,Not Applicable,Not Applicable,Not Applicable,Not Applicable,No,2.5,2.5,Not Applicable,Not Applicable,Yes,7,7,5,No,Yes,No,No,Yes,No,No,No,Yes,0.4,No,Never,Yes,Magnetic Resonance Imaging,Yes,The same day (7 days a week),No,No,No,No
Lister Hospital,5,Yes,2.03,1.63,No,0.33,Yes,Yes,2,3,2,3,2,1,2,1,2,1,No,3,3,1.67,1.67,Yes,7,7,7,Yes,Yes,Sometimes,Sometimes,Yes,No,No,Yes,Yes,0.98,No,Never,No,Computed Tomography,Yes,Within a week,No,No,No,No
James Paget Hospital,6,Yes,2.93,0.88,No,0,Yes,Yes,2,2,2,2,2,Not Applicable,Not Applicable,Not Applicable,Not Applicable,Not Applicable,Yes,4,4,Not Applicable,Not Applicable,No,5,5,5,No,Yes,Yes,Yes,No,No,No,Yes,Yes,1,Yes,1-2 times a year,No,Computed Tomography,Yes,The same day (5 days a week),Yes,Yes,No,No
Luton and Dunstable Hospital,8,Yes,3.15,0.32,No,0,Yes,Yes,3,3,3,3,3,Not Applicable,Not Applicable,Not Applicable,Not Applicable,Not Applicable,Yes,3.33,3.33,Not Applicable,Not Applicable,Yes,7,7,7,Yes,Yes,Yes,Yes,Yes,Yes,No,Yes,Yes,1,No,Never,Yes,Magnetic Resonance Imaging,Yes,The same day (7 days a week),Yes,Yes,No,Yes
Broomfield Hospital,3,No,1.64,0.31,No,0.28,Yes,Yes,Not Applicable,Not Applicable,Not Applicable,Not Applicable,Not Applicable,5,6,5,6,5,No,Not Applicable,Not Applicable,1.88,1.88,Yes,7,7,5,No,Yes,Yes,Sometimes,No,No,No,Yes,Yes,1,No,Never,No,Computed Tomography,Yes,The next day,No,No,No,No
Norfolk and Norwich University Hospital,4,No,1.76,0.4,No,0,Yes,Yes,2,3,2,3,2,3,5,3,5,3,No,2.31,2.31,1.35,1.35,No,6,7,5,Yes,Sometimes,Sometimes,Sometimes,Yes,No,No,Yes,Yes,1,Yes,More than 4 a year,No,Computed Tomography,Yes,The same day (7 days a week),No,No,No,No
Peterborough City Hospital,5,No,1.88,0.28,No,0,Yes,Yes,2,2,2,2,2,3,4,3,4,3,No,2.22,2.22,1.6,1.6,Yes,7,7,5,Yes,Sometimes,Sometimes,Sometimes,Yes,No,No,Yes,Yes,0.99,No,Never,No,Computed Tomography,Yes,The next weekday,Yes,Yes,No,No
Queen Elizabeth Hospital Kings Lynn,5,Yes,3.34,0.34,No,0.41,Yes,Yes,Not Applicable,Not Applicable,Not Applicable,Not Applicable,Not Applicable,3,5,3,5,3,No,Not Applicable,Not Applicable,1.72,1.72,No,6,6,5,Yes,Yes,Yes,Yes,Yes,No,No,No,Yes,0.35,Yes,3-4 times a year,No,Computed Tomography,Yes,The same day (7 days a week),Yes,Yes,Yes,Yes
Southend Hospital,1,Yes,2.4,0.48,No,0.43,No,No,Not Applicable,Not Applicable,Not Applicable,Not Applicable,Not Applicable,6,6,6,6,6,No,Not Applicable,Not Applicable,1.43,1.43,No,6,6,6,No,Yes,Yes,Sometimes,No,No,No,No,Yes,0.45,No,Never,No,Computed Tomography,Not Applicable,Not Applicable,No,No,No,No
Watford General Hospital,6,Yes,3.16,0.3,No,0,Yes,Yes,3,3,3,3,3,Not Applicable,Not Applicable,Not Applicable,Not Applicable,Not Applicable,No,2.31,2.31,Not Applicable,Not Applicable,Yes,7,7,5,Yes,Sometimes,Yes,Sometimes,Yes,No,No,Yes,Yes,1,Yes,1-2 times a year,No,Computed Tomography,Yes,The same day (5 days a week),No,No,No,No
West Suffolk Hospital,7,Yes,1.48,2.48,No,0,Yes,Yes,2,2,2,2,2,Not Applicable,Not Applicable,Not Applicable,Not Applicable,Not Applicable,Yes,5,5,Not Applicable,Not Applicable,Yes,7,7,6,No,No,No,No,No,No,No,No,Yes,0.5,Yes,Continuous (every patient),Yes,Magnetic Resonance Imaging,Yes,The same day (7 days a week),Yes,Yes,Yes,Yes
Bedford Hospital,6,No,1.5,0.5,No,0,"At site treating your patients during the first 72h:_x000D_
 Yes","At site treating your patients during the first 72h:_x000D_
 Yes",Not Applicable,Not Applicable,Not Applicable,Not Applicable,Not Applicable,Not Applicable,Not Applicable,Not Applicable,Not Applicable,Not Applicable,"At site treating your patients during the first 72h:_x000D_
 Yes","At site treating your patients during the first 72h:_x000D_
 3.33","At site treating your patients during the first 72h:_x000D_
 3.33","At site treating your patients during the first 72h:_x000D_
 Not Applicable","At site treating your patients during the first 72h:_x000D_
 Not Applicable",No,5,5,5,"At site treating your patients during the first 72h:_x000D_
 Yes","At site treating your patients during the first 72h:_x000D_
 Yes","At site treating your patients during the first 72h:_x000D_
 Yes","At site treating your patients during the first 72h:_x000D_
 Yes","At site treating your patients during the first 72h:_x000D_
 Yes","At site treating your patients during the first 72h:_x000D_
 Yes","At site treating your patients during the first 72h:_x000D_
 No",Yes,Yes,1,Yes,Continuous (every patient),No,Magnetic Resonance Imaging,Yes,Within a week,Yes,Yes,No,No
Queens Hospital Burton upon Trent,1,Yes,1.9,0.48,No,0,No,No,Not Applicable,Not Applicable,Not Applicable,Not Applicable,Not Applicable,4,5,4,5,4,No,Not Applicable,Not Applicable,2.38,2.38,No,5,5,5,No,Yes,Yes,Yes,No,No,No,No,Yes,0.6,No,Never,No,Computed Tomography,Yes,The next day,No,No,No,No
Russells Hall Hospital,8,Yes,2.73,0.68,No,0.34,Yes,Yes,3,3,3,3,3,Not Applicable,Not Applicable,Not Applicable,Not Applicable,Not Applicable,No,2.5,2.5,Not Applicable,Not Applicable,Yes,7,7,5,Yes,Yes,Yes,Sometimes,Yes,No,No,Yes,Yes,1,Yes,Continuous (every patient),Yes,Magnetic Resonance Imaging,Yes,The same day (7 days a week),Yes,Yes,No,No
George Eliot Hospital,4,Yes,2.11,0.53,No,0.79,Yes,Yes,Not Applicable,Not Applicable,Not Applicable,Not Applicable,Not Applicable,2,4,2,4,2,No,Not Applicable,Not Applicable,2.11,2.11,No,5,5,5,Yes,Sometimes,Sometimes,Sometimes,Yes,No,No,No,No,Not Applicable,No,Never,No,Computed Tomography,Yes,The same day (7 days a week),Yes,Yes,No,No
New Cross Hospital,2,No,1.6,0.26,No,0,No,No,Not Applicable,Not Applicable,Not Applicable,Not Applicable,Not Applicable,4,7,4,7,4,No,Not Applicable,Not Applicable,1.79,1.79,Yes,7,7,5,No,Sometimes,Sometimes,Sometimes,No,No,No,Yes,Yes,0.75,No,Never,No,Computed Tomography,Yes,The same day (7 days a week),No,No,No,No
Sandwell District Hospital,3,Yes,1.99,0.44,No,0.33,Yes,Yes,7,7,7,7,7,Not Applicable,Not Applicable,Not Applicable,Not Applicable,Not Applicable,Yes,7,7,Not Applicable,Not Applicable,No,6,6,7,No,Yes,Yes,Yes,No,No,No,No,Yes,0.2,No,Never,No,Magnetic Resonance Imaging,Yes,Within a week,No,No,No,No
Princess Royal Hospital Telford,5,Yes,1.5,0.95,No,0,Yes,Yes,2,2,2,2,2,2,2,2,2,2,No,3.33,3.33,1.11,1.11,No,5,5,5,Yes,Yes,Yes,Sometimes,Yes,Yes,No,No,Yes,0.44,Yes,Continuous (every patient),No,Computed Tomography,Yes,Within a month,Yes,Yes,Yes,Yes
Warwick Hospital,3,No,0.95,0.48,No,0.5,Yes,Yes,Not Applicable,Not Applicable,Not Applicable,Not Applicable,Not Applicable,1,2,1,2,1,No,Not Applicable,Not Applicable,1.67,1.67,Yes,6,7,7,No,No,No,No,No,No,No,No,No,Not Applicable,No,Never,No,Computed Tomography,Yes,Within a week,Yes,Yes,No,No
Queen Elizabeth Hospital Edgbaston,3,No,1.54,0.38,No,0.06,Yes,Yes,1,2,1,2,1,Not Applicable,Not Applicable,Not Applicable,Not Applicable,Not Applicable,No,1.67,1.67,Not Applicable,Not Applicable,No,6,6,6,No,Yes,Yes,Yes,No,No,No,Yes,Yes,1,No,Never,No,Computed Tomography,Yes,The same day (7 days a week),Yes,No,No,Yes
Birmingham Heartlands Hospital,6,No,0.91,0.33,No,0.2,Yes,Yes,4,5,4,5,4,Not Applicable,Not Applicable,Not Applicable,Not Applicable,Not Applicable,Yes,3.12,3.12,Not Applicable,Not Applicable,Yes,7,7,5,Yes,Sometimes,Sometimes,Sometimes,Yes,No,No,Yes,Yes,1,No,Never,No,Computed Tomography,Yes,The next day,Yes,No,Yes,No
Good Hope General Hospital,5,No,0.36,0.36,No,0,"At site treating your patients during the first 72h:_x000D_
 Yes","At site treating your patients during the first 72h:_x000D_
 Yes",Not Applicable,Not Applicable,Not Applicable,Not Applicable,Not Applicable,Not Applicable,Not Applicable,Not Applicable,Not Applicable,Not Applicable,"At site treating your patients during the first 72h:_x000D_
 Yes","At site treating your patients during the first 72h:_x000D_
 3.12","At site treating your patients during the first 72h:_x000D_
 3.12","At site treating your patients during the first 72h:_x000D_
 Not Applicable","At site treating your patients during the first 72h:_x000D_
 Not Applicable",Yes,7,7,5,"At site treating your patients during the first 72h:_x000D_
 Yes","At site treating your patients during the first 72h:_x000D_
 Sometimes","At site treating your patients during the first 72h:_x000D_
 Sometimes","At site treating your patients during the first 72h:_x000D_
 Sometimes","At site treating your patients during the first 72h:_x000D_
 Yes","At site treating your patients during the first 72h:_x000D_
 No","At site treating your patients during the first 72h:_x000D_
 No",Yes,Yes,1,No,Never,No,Computed Tomography,Yes,The next day,No,No,No,No
Solihull Hospital,5,No,1.28,0.67,No,0.4,"At site treating your patients during the first 72h:_x000D_
 Yes","At site treating your patients during the first 72h:_x000D_
 Yes",Not Applicable,Not Applicable,Not Applicable,Not Applicable,Not Applicable,Not Applicable,Not Applicable,Not Applicable,Not Applicable,Not Applicable,"At site treating your patients during the first 72h:_x000D_
 Yes","At site treating your patients during the first 72h:_x000D_
 3.12","At site treating your patients during the first 72h:_x000D_
 3.12","At site treating your patients during the first 72h:_x000D_
 Not Applicable","At site treating your patients during the first 72h:_x000D_
 Not Applicable",Yes,7,7,5,"At site treating your patients during the first 72h:_x000D_
 Yes","At site treating your patients during the first 72h:_x000D_
 Sometimes","At site treating your patients during the first 72h:_x000D_
 Sometimes","At site treating your patients during the first 72h:_x000D_
 Sometimes","At site treating your patients during the first 72h:_x000D_
 Yes","At site treating your patients during the first 72h:_x000D_
 No","At site treating your patients during the first 72h:_x000D_
 No",Yes,Yes,1,No,Never,No,Computed Tomography,Yes,The next day,No,No,No,No
University Hospital Coventry,4,No,0.97,0.28,No,0.42,No,No,3,3,3,3,3,Not Applicable,Not Applicable,Not Applicable,Not Applicable,Not Applicable,Yes,5,5,Not Applicable,Not Applicable,Yes,7,7,5,No,No,Yes,No,No,No,No,No,Yes,0.63,Yes,1-2 times a year,Yes,Magnetic Resonance Imaging,Yes,The same day (7 days a week),No,No,No,No
Royal Stoke University Hospital,6,Yes,3.45,0.61,No,0,Yes,Yes,2,2,2,2,2,1,1,1,1,1,No,2.5,2.5,2.5,2.5,Yes,7,7,5,Yes,Yes,Yes,Sometimes,Yes,No,Yes,Yes,Yes,0.95,Yes,Continuous (every patient),No,Computed Tomography,Yes,The same day (7 days a week),No,No,No,No
Worcestershire Royal Hospital,4,No,1.71,0.52,No,0,No,No,5,5,5,5,5,Not Applicable,Not Applicable,Not Applicable,Not Applicable,Not Applicable,Yes,6.25,6.25,Not Applicable,Not Applicable,Yes,7,7,6,No,Sometimes,Yes,Sometimes,No,No,No,Yes,Yes,1,Yes,1-2 times a year,No,Computed Tomography,Yes,The next day,No,No,No,No
Hereford County Hospital,4,No,1.12,0.38,No,0,Yes,Yes,1,1,1,1,1,Not Applicable,Not Applicable,Not Applicable,Not Applicable,Not Applicable,No,1.67,1.67,Not Applicable,Not Applicable,No,5,5,5,No,Yes,Yes,Yes,No,No,No,Yes,Yes,0.85,Yes,1-2 times a year,Yes,Magnetic Resonance Imaging,Yes,The same day (5 days a week),No,No,No,No
Fairfield General Hospital,4,No,1.45,0.62,No,0.23,Yes,Yes,2,2,2,2,2,2,3,2,3,2,No,2.22,2.22,1.88,1.88,Yes,7,7,6,No,Yes,Sometimes,Sometimes,No,No,No,Yes,Yes,1,No,Less than once a year,Yes,Magnetic Resonance Imaging,Yes,The next weekday,No,No,No,No
Salford Royal Hospital,4,Yes,1.95,0.55,No,0.27,No,No,2,3,2,3,2,2,3,2,3,2,No,1.76,1.76,1.36,1.36,Yes,7,7,7,No,Yes,Sometimes,Sometimes,No,No,No,Yes,Yes,1,No,Never,No,Rarely image TIAs,Yes,The same day (5 days a week),Yes,Yes,Yes,Yes
Stepping Hill Hospital,5,No,1.02,0.34,No,0.25,Yes,Yes,Not Applicable,Not Applicable,Not Applicable,Not Applicable,Not Applicable,5,7,5,7,5,No,Not Applicable,Not Applicable,2.5,2.5,Yes,7,7,7,No,Yes,Sometimes,No,No,No,No,Yes,Yes,0.87,Yes,1-2 times a year,No,Computed Tomography,Yes,The same day (5 days a week),Yes,Yes,No,No
Royal Bolton Hospital,3,No,0.83,0.42,No,0,"At site treating your patients during the first 72h:_x000D_
 No","At site treating your patients during the first 72h:_x000D_
 No",Not Applicable,Not Applicable,Not Applicable,Not Applicable,Not Applicable,Not Applicable,Not Applicable,Not Applicable,Not Applicable,Not Applicable,"At site treating your patients during the first 72h:_x000D_
 No","At site treating your patients during the first 72h:_x000D_
 1.76","At site treating your patients during the first 72h:_x000D_
 1.76","At site treating your patients during the first 72h:_x000D_
 1.36","At site treating your patients during the first 72h:_x000D_
 1.36",No,6,6,5,"At site treating your patients during the first 72h:_x000D_
 No","At site treating your patients during the first 72h:_x000D_
 Yes","At site treating your patients during the first 72h:_x000D_
 Sometimes","At site treating your patients during the first 72h:_x000D_
 Sometimes","At site treating your patients during the first 72h:_x000D_
 No","At site treating your patients during the first 72h:_x000D_
 No","At site treating your patients during the first 72h:_x000D_
 No",Yes,Yes,1,Yes,Continuous (every patient),No,Magnetic Resonance Imaging,Yes,Within a week,Yes,No,No,Yes
Trafford General Hospital,2,No,0.56,1.11,No,0,"At site treating your patients during the first 72h:_x000D_
 No","At site treating your patients during the first 72h:_x000D_
 No",Not Applicable,Not Applicable,Not Applicable,Not Applicable,Not Applicable,Not Applicable,Not Applicable,Not Applicable,Not Applicable,Not Applicable,"At site treating your patients during the first 72h:_x000D_
 No","At site treating your patients during the first 72h:_x000D_
 1.76","At site treating your patients during the first 72h:_x000D_
 1.76","At site treating your patients during the first 72h:_x000D_
 1.36","At site treating your patients during the first 72h:_x000D_
 1.36",No,5,5,5,"At site treating your patients during the first 72h:_x000D_
 No","At site treating your patients during the first 72h:_x000D_
 Yes","At site treating your patients during the first 72h:_x000D_
 Sometimes","At site treating your patients during the first 72h:_x000D_
 Sometimes","At site treating your patients during the first 72h:_x000D_
 No","At site treating your patients during the first 72h:_x000D_
 No","At site treating your patients during the first 72h:_x000D_
 No",Yes,Yes,1,No,Less than once a year,Yes,Magnetic Resonance Imaging,Yes,The same day (5 days a week),No,No,No,No
Wythenshawe Hospital,4,No,1.36,0.45,No,0.55,No,No,Not Applicable,Not Applicable,Not Applicable,Not Applicable,Not Applicable,2,2,2,2,2,No,Not Applicable,Not Applicable,0.91,0.91,No,5,5,5,No,No,No,No,No,No,No,Yes,Yes,0.9,Yes,1-2 times a year,Yes,Magnetic Resonance Imaging,Yes,The same day (5 days a week),Yes,Yes,No,Yes
Manchester Royal Infirmary,1,No,0.8,0.4,No,0,No,No,Not Applicable,Not Applicable,Not Applicable,Not Applicable,Not Applicable,3,4,3,4,3,No,Not Applicable,Not Applicable,1.6,1.6,No,6,6,5,No,No,No,No,No,No,No,Yes,Yes,1,No,Never,No,Rarely image TIAs,Yes,Within a week,No,No,No,No
Tameside General Hospital,4,No,1.25,0.62,No,0,"At site treating your patients during the first 72h:_x000D_
 Yes","At site treating your patients during the first 72h:_x000D_
 Yes",Not Applicable,Not Applicable,Not Applicable,Not Applicable,Not Applicable,Not Applicable,Not Applicable,Not Applicable,Not Applicable,Not Applicable,"At site treating your patients during the first 72h:_x000D_
 No","At site treating your patients during the first 72h:_x000D_
 Not Applicable","At site treating your patients during the first 72h:_x000D_
 Not Applicable","At site treating your patients during the first 72h:_x000D_
 2.5","At site treating your patients during the first 72h:_x000D_
 2.5",No,5,5,5,"At site treating your patients during the first 72h:_x000D_
 No","At site treating your patients during the first 72h:_x000D_
 Yes","At site treating your patients during the first 72h:_x000D_
 Sometimes","At site treating your patients during the first 72h:_x000D_
 No","At site treating your patients during the first 72h:_x000D_
 No","At site treating your patients during the first 72h:_x000D_
 No","At site treating your patients during the first 72h:_x000D_
 No",Yes,Yes,1,No,Never,Yes,Magnetic Resonance Imaging,Yes,The same day (5 days a week),Yes,Yes,No,No
Royal Albert Edward Infirmary,2,No,1.78,0.45,No,0,"At site treating your patients during the first 72h:_x000D_
 No","At site treating your patients during the first 72h:_x000D_
 No",Not Applicable,Not Applicable,Not Applicable,Not Applicable,Not Applicable,Not Applicable,Not Applicable,Not Applicable,Not Applicable,Not Applicable,"At site treating your patients during the first 72h:_x000D_
 No","At site treating your patients during the first 72h:_x000D_
 1.76","At site treating your patients during the first 72h:_x000D_
 1.76","At site treating your patients during the first 72h:_x000D_
 1.36","At site treating your patients during the first 72h:_x000D_
 1.36",Yes,7,7,6,"At site treating your patients during the first 72h:_x000D_
 No","At site treating your patients during the first 72h:_x000D_
 Yes","At site treating your patients during the first 72h:_x000D_
 Sometimes","At site treating your patients during the first 72h:_x000D_
 Sometimes","At site treating your patients during the first 72h:_x000D_
 No","At site treating your patients during the first 72h:_x000D_
 No","At site treating your patients during the first 72h:_x000D_
 No",Yes,Yes,1,No,Never,No,Computed Tomography,Yes,The next day,No,No,No,No
University Hospital Aintree,6,Yes,5.94,0.91,No,0.18,Yes,Yes,2,2,2,2,2,3,4,3,4,3,No,5,5,1.38,1.38,Yes,7,7,5,Yes,Yes,Yes,Sometimes,Yes,No,No,Yes,Yes,1,No,Less than once a year,No,Magnetic Resonance Imaging,Yes,Within a week,Yes,Yes,Yes,Yes
Blackpool Victoria Hospital,6,Yes,3.43,0.37,No,0,Yes,Yes,2,2,2,2,2,Not Applicable,Not Applicable,Not Applicable,Not Applicable,Not Applicable,No,1.25,1.25,Not Applicable,Not Applicable,No,6,6,5,No,Yes,No,No,Yes,No,No,Yes,Yes,1,Yes,Continuous (every patient),Yes,Magnetic Resonance Imaging,Yes,The same day (7 days a week),Yes,Yes,Yes,No
Countess of Chester Hospital,7,Yes,2.42,0.83,No,0,Yes,Yes,1,2,1,2,1,Not Applicable,Not Applicable,Not Applicable,Not Applicable,Not Applicable,Yes,4,4,Not Applicable,Not Applicable,No,6,6,5,No,Yes,Yes,Sometimes,No,No,No,Yes,Yes,0.8,Yes,Continuous (every patient),Yes,Magnetic Resonance Imaging,Yes,The same day (7 days a week),Yes,No,Yes,No
Royal Blackburn Hospital,4,Yes,3.45,0.75,No,0,Yes,Yes,Not Applicable,Not Applicable,Not Applicable,Not Applicable,Not Applicable,3,5,3,5,4,No,Not Applicable,Not Applicable,2.08,2.08,No,6,6,6,No,Yes,Yes,Yes,No,No,No,No,No,Not Applicable,No,Less than once a year,Yes,Magnetic Resonance Imaging,Yes,The same day (7 days a week),Yes,Yes,No,No
Royal Preston Hospital,2,No,1.08,0.42,No,0.12,No,No,Not Applicable,Not Applicable,Not Applicable,Not Applicable,Not Applicable,3,3,3,4,3,No,Not Applicable,Not Applicable,1.25,1.67,No,5,5,5,No,Sometimes,Sometimes,Sometimes,No,No,No,No,No,Not Applicable,No,Never,Yes,Magnetic Resonance Imaging,Yes,The same day (7 days a week),Yes,Yes,No,No
Leighton Hospital,2,No,1.63,0.36,No,0.09,No,No,Not Applicable,Not Applicable,Not Applicable,Not Applicable,Not Applicable,4,4,4,4,4,No,Not Applicable,Not Applicable,1.43,1.43,No,5,7,5,No,Yes,Yes,Yes,No,No,No,Yes,Yes,1,No,Less than once a year,No,Computed Tomography,Yes,Within a week,Yes,Yes,No,No
Royal Liverpool University Hospital,6,Yes,2.07,2.41,No,0,Yes,Yes,2,2,2,2,2,3,5,3,5,3,No,1.82,1.82,6.25,6.25,Yes,7,7,5,Yes,Yes,Yes,Yes,Yes,No,No,Yes,Yes,1,Yes,Continuous (every patient),No,Rarely image TIAs,Yes,Within a week,No,No,No,No
Southport and Formby District General,3,Yes,3.5,1,No,0.3,Yes,Yes,Not Applicable,Not Applicable,Not Applicable,Not Applicable,Not Applicable,3,3,3,3,3,No,Not Applicable,Not Applicable,1.5,1.5,No,5,5,5,No,Yes,Yes,No,No,No,No,No,No,Not Applicable,No,Never,Yes,Magnetic Resonance Imaging,Yes,The next day,No,No,No,No
Whiston Hospital HASU,6,No,1.02,0.41,No,0.98,Yes,Yes,3,3,3,3,3,Not Applicable,Not Applicable,Not Applicable,Not Applicable,Not Applicable,No,1.88,1.88,Not Applicable,Not Applicable,Yes,7,7,7,No,Yes,Yes,Sometimes,No,No,No,Yes,Yes,1,Yes,1-2 times a year,Yes,Magnetic Resonance Imaging,Yes,The next weekday,Yes,Yes,Yes,Yes
Furness General Hospital,4,Yes,4.17,1.67,No,0,Yes,Yes,Not Applicable,Not Applicable,Not Applicable,Not Applicable,Not Applicable,3,5,3,5,3,Yes,Not Applicable,Not Applicable,4.17,4.17,No,5,5,5,Yes,Yes,Yes,Yes,Yes,No,No,No,Yes,0.14,No,Never,No,Computed Tomography,Yes,The same day (5 days a week),No,No,No,No
Royal Lancaster Infirmary,2,No,1,1.2,No,0,No,No,2,3,2,3,2,Not Applicable,Not Applicable,Not Applicable,Not Applicable,Not Applicable,Yes,5,5,Not Applicable,Not Applicable,No,6,6,6,No,Yes,Sometimes,Sometimes,No,No,No,No,Yes,0.6,No,Never,No,Computed Tomography,Yes,The next day,Yes,Yes,No,No
Arrowe Park Hospital,9,Yes,1.63,0.76,No,0.65,Yes,Yes,3,4,3,4,3,Not Applicable,Not Applicable,Not Applicable,Not Applicable,Not Applicable,Yes,4,4,Not Applicable,Not Applicable,Yes,7,7,7,Yes,Sometimes,Sometimes,Sometimes,Yes,No,No,Yes,Yes,1,Yes,1-2 times a year,Yes,Magnetic Resonance Imaging,Yes,The same day (7 days a week),Yes,Yes,Yes,Yes
Warrington Hospital,3,No,1.25,0.42,No,0,"At site treating your patients during the first 72h:_x000D_
 Yes","At site treating your patients during the first 72h:_x000D_
 Yes",Not Applicable,Not Applicable,Not Applicable,Not Applicable,Not Applicable,Not Applicable,Not Applicable,Not Applicable,Not Applicable,Not Applicable,"At site treating your patients during the first 72h:_x000D_
 No","At site treating your patients during the first 72h:_x000D_
 1.88","At site treating your patients during the first 72h:_x000D_
 1.88","At site treating your patients during the first 72h:_x000D_
 Not Applicable","At site treating your patients during the first 72h:_x000D_
 Not Applicable",Yes,7,7,5,"At site treating your patients during the first 72h:_x000D_
 No","At site treating your patients during the first 72h:_x000D_
 Yes","At site treating your patients during the first 72h:_x000D_
 Yes","At site treating your patients during the first 72h:_x000D_
 Sometimes","At site treating your patients during the first 72h:_x000D_
 No","At site treating your patients during the first 72h:_x000D_
 No","At site treating your patients during the first 72h:_x000D_
 No",Yes,Yes,1,No,Less than once a year,No,Computed Tomography,Yes,Within a week,No,No,No,No
University Hospital of North Durham,3,Yes,2.08,0.83,No,0,No,No,1,2,1,2,1,2,2,2,2,2,No,2.5,2.5,1.25,1.25,No,5,7,5,Yes,Yes,Yes,Yes,Yes,No,No,No,No,Not Applicable,No,Less than once a year,No,Computed Tomography,Yes,The same day (7 days a week),Yes,Yes,No,No
Royal Victoria Infirmary,6,No,0.86,0.48,No,0.07,Yes,Yes,2,2,2,2,2,2,2,2,2,2,No,1.67,1.67,2,2,Yes,7,7,5,Yes,Yes,Yes,Yes,Yes,No,No,Yes,Yes,1,Yes,More than 4 a year,No,Rarely image TIAs,Yes,The same day (7 days a week),Yes,Yes,Yes,Yes
West Cumberland Hospital,4,Yes,1.94,0.78,No,0,No,No,2,2,2,2,2,Not Applicable,Not Applicable,Not Applicable,Not Applicable,Not Applicable,Yes,5,5,Not Applicable,Not Applicable,No,5,5,5,No,No,No,No,No,No,No,No,No,Not Applicable,Yes,More than 4 a year,No,Magnetic Resonance Imaging,Not Applicable,Not Applicable,Yes,Yes,No,No
Cumberland Infirmary,3,No,1.37,0.34,No,0,No,No,Not Applicable,Not Applicable,Not Applicable,Not Applicable,Not Applicable,3,3,3,3,3,No,Not Applicable,Not Applicable,1.03,1.03,Yes,7,7,5,No,Yes,Yes,No,No,No,No,No,Yes,0.4,No,Less than once a year,Yes,Magnetic Resonance Imaging,Yes,The next weekday,Yes,Yes,No,No
University Hospitals of North Tees and Hartlepool,5,No,0.77,0.38,No,0.23,Yes,Yes,Not Applicable,Not Applicable,Not Applicable,Not Applicable,Not Applicable,2,3,2,3,2,No,Not Applicable,Not Applicable,1.15,1.15,Yes,7,7,5,No,Yes,Yes,Yes,No,No,No,No,Yes,0.4,Yes,1-2 times a year,Yes,Magnetic Resonance Imaging,Yes,The same day (7 days a week),Yes,Yes,No,No
Northumbria Specialist Emergency Care Hospital HASU,4,Yes,9.37,1.46,No,0,No,No,3,3,3,3,3,Not Applicable,Not Applicable,Not Applicable,Not Applicable,Not Applicable,No,2.73,2.73,Not Applicable,Not Applicable,Yes,7,7,5,No,Yes,Sometimes,Sometimes,No,No,No,Yes,Yes,0.8,Yes,More than 4 a year,No,Magnetic Resonance Imaging,Not Applicable,Not Applicable,No,No,No,No
Hexham General Hospital,1,No,0.6,0.67,No,0,"At site treating your patients during the first 72h:_x000D_
 No","At site treating your patients during the first 72h:_x000D_
 No",Not Applicable,Not Applicable,Not Applicable,Not Applicable,Not Applicable,Not Applicable,Not Applicable,Not Applicable,Not Applicable,Not Applicable,"At site treating your patients during the first 72h:_x000D_
 No","At site treating your patients during the first 72h:_x000D_
 2.73","At site treating your patients during the first 72h:_x000D_
 2.73","At site treating your patients during the first 72h:_x000D_
 Not Applicable","At site treating your patients during the first 72h:_x000D_
 Not Applicable",No,5,5,5,"At site treating your patients during the first 72h:_x000D_
 No","At site treating your patients during the first 72h:_x000D_
 Yes","At site treating your patients during the first 72h:_x000D_
 Sometimes","At site treating your patients during the first 72h:_x000D_
 Sometimes","At site treating your patients during the first 72h:_x000D_
 No","At site treating your patients during the first 72h:_x000D_
 No","At site treating your patients during the first 72h:_x000D_
 No",No,No,Not Applicable,Yes,More than 4 a year,No,Magnetic Resonance Imaging,Yes,Within a month,No,No,No,No
North Tyneside General Hospital,2,No,1,0.4,No,0,"At site treating your patients during the first 72h:_x000D_
 No","At site treating your patients during the first 72h:_x000D_
 No",Not Applicable,Not Applicable,Not Applicable,Not Applicable,Not Applicable,Not Applicable,Not Applicable,Not Applicable,Not Applicable,Not Applicable,"At site treating your patients during the first 72h:_x000D_
 No","At site treating your patients during the first 72h:_x000D_
 2.73","At site treating your patients during the first 72h:_x000D_
 2.73","At site treating your patients during the first 72h:_x000D_
 Not Applicable","At site treating your patients during the first 72h:_x000D_
 Not Applicable",No,5,6,5,"At site treating your patients during the first 72h:_x000D_
 No","At site treating your patients during the first 72h:_x000D_
 Yes","At site treating your patients during the first 72h:_x000D_
 Sometimes","At site treating your patients during the first 72h:_x000D_
 Sometimes","At site treating your patients during the first 72h:_x000D_
 No","At site treating your patients during the first 72h:_x000D_
 No","At site treating your patients during the first 72h:_x000D_
 No",Yes,Yes,1,Yes,More than 4 a year,No,Magnetic Resonance Imaging,Yes,Within a week,No,No,No,No
Wansbeck General Hospital,1,No,1.05,0.53,No,0,"At site treating your patients during the first 72h:_x000D_
 No","At site treating your patients during the first 72h:_x000D_
 No",Not Applicable,Not Applicable,Not Applicable,Not Applicable,Not Applicable,Not Applicable,Not Applicable,Not Applicable,Not Applicable,Not Applicable,"At site treating your patients during the first 72h:_x000D_
 No","At site treating your patients during the first 72h:_x000D_
 2.73","At site treating your patients during the first 72h:_x000D_
 2.73","At site treating your patients during the first 72h:_x000D_
 Not Applicable","At site treating your patients during the first 72h:_x000D_
 Not Applicable",No,5,6,5,"At site treating your patients during the first 72h:_x000D_
 No","At site treating your patients during the first 72h:_x000D_
 Yes","At site treating your patients during the first 72h:_x000D_
 Sometimes","At site treating your patients during the first 72h:_x000D_
 Sometimes","At site treating your patients during the first 72h:_x000D_
 No","At site treating your patients during the first 72h:_x000D_
 No","At site treating your patients during the first 72h:_x000D_
 No",No,Yes,0.6,Yes,More than 4 a year,No,Magnetic Resonance Imaging,Yes,Within a week,No,No,No,No
James Cook University Hospital,8,Yes,1.74,1.7,Yes,1.3,Yes,Yes,3,3,3,3,3,Not Applicable,Not Applicable,Not Applicable,Not Applicable,Not Applicable,Yes,5,5,Not Applicable,Not Applicable,No,6,6,6,No,Sometimes,Sometimes,Sometimes,No,No,No,Yes,Yes,0.8,Yes,1-2 times a year,Yes,Magnetic Resonance Imaging,Yes,The next day,Yes,Yes,No,Yes
Sunderland Royal Hospital,5,No,0.55,1.61,No,0,Yes,Yes,4,6,4,6,4,Not Applicable,Not Applicable,Not Applicable,Not Applicable,Not Applicable,No,1.5,1.5,Not Applicable,Not Applicable,Yes,7,7,5,No,No,Yes,Yes,Yes,No,No,Yes,Yes,1,Yes,1-2 times a year,No,Computed Tomography,Yes,The next day,Yes,No,No,Yes
Queen Elizabeth Hospital Gateshead,4,Yes,2,0.5,No,0.3,"At site treating your patients during the first 72h:_x000D_
 Yes","At site treating your patients during the first 72h:_x000D_
 Yes",Not Applicable,Not Applicable,Not Applicable,Not Applicable,Not Applicable,Not Applicable,Not Applicable,Not Applicable,Not Applicable,Not Applicable,"At site treating your patients during the first 72h:_x000D_
 No","At site treating your patients during the first 72h:_x000D_
 1.67","At site treating your patients during the first 72h:_x000D_
 1.67","At site treating your patients during the first 72h:_x000D_
 2","At site treating your patients during the first 72h:_x000D_
 2",No,5,6,5,"At site treating your patients during the first 72h:_x000D_
 Yes","At site treating your patients during the first 72h:_x000D_
 Yes","At site treating your patients during the first 72h:_x000D_
 Yes","At site treating your patients during the first 72h:_x000D_
 Yes","At site treating your patients during the first 72h:_x000D_
 Yes","At site treating your patients during the first 72h:_x000D_
 No","At site treating your patients during the first 72h:_x000D_
 No",Yes,Yes,1,No,Never,No,Computed Tomography,Yes,The same day (7 days a week),No,No,No,No
Barnsley Hospital,8,Yes,4.4,1.33,No,0,"At site treating your patients during the first 72h:_x000D_
 Yes","At site treating your patients during the first 72h:_x000D_
 Yes",Not Applicable,Not Applicable,Not Applicable,Not Applicable,Not Applicable,Not Applicable,Not Applicable,Not Applicable,Not Applicable,Not Applicable,"At site treating your patients during the first 72h:_x000D_
 Yes","At site treating your patients during the first 72h:_x000D_
 5","At site treating your patients during the first 72h:_x000D_
 5","At site treating your patients during the first 72h:_x000D_
 Not Applicable","At site treating your patients during the first 72h:_x000D_
 Not Applicable",Yes,7,7,5,"At site treating your patients during the first 72h:_x000D_
 Yes","At site treating your patients during the first 72h:_x000D_
 Yes","At site treating your patients during the first 72h:_x000D_
 Sometimes","At site treating your patients during the first 72h:_x000D_
 Sometimes","At site treating your patients during the first 72h:_x000D_
 Yes","At site treating your patients during the first 72h:_x000D_
 No","At site treating your patients during the first 72h:_x000D_
 No",No,No,Not Applicable,Yes,Continuous (every patient),Yes,Magnetic Resonance Imaging,Yes,The same day (7 days a week),Yes,No,No,Yes
Bradford and Airedale SU,6,Yes,1.96,0.78,No,0,Yes,Yes,6,6,6,6,5,Not Applicable,Not Applicable,Not Applicable,Not Applicable,Not Applicable,Yes,10,10,Not Applicable,Not Applicable,No,5,5,5,Yes,Yes,Yes,Yes,Yes,No,No,Yes,Yes,1,No,Less than once a year,No,Computed Tomography,Yes,The same day (5 days a week),Yes,Yes,No,No
Calderdale Royal Hospital,8,Yes,9.14,4.29,No,0,Yes,Yes,3,3,3,3,3,Not Applicable,Not Applicable,Not Applicable,Not Applicable,Not Applicable,Yes,5,5,Not Applicable,Not Applicable,Yes,7,7,5,No,Yes,No,No,Yes,No,Yes,Yes,Yes,1,Yes,1-2 times a year,Yes,Magnetic Resonance Imaging,Yes,The same day (7 days a week),Yes,Yes,No,No
Chesterfield Royal,4,Yes,3.5,0.56,No,0.42,Yes,Yes,Not Applicable,Not Applicable,Not Applicable,Not Applicable,Not Applicable,1,3,1,3,1,No,Not Applicable,Not Applicable,1.88,1.88,Yes,7,7,5,No,Yes,Sometimes,Sometimes,No,No,No,Yes,Yes,1,No,Never,No,Computed Tomography,Yes,The same day (5 days a week),No,No,No,No
Doncaster Royal Infirmary,7,Yes,2.75,0.42,No,0,Yes,Yes,2,2,2,2,2,Not Applicable,Not Applicable,Not Applicable,Not Applicable,Not Applicable,Yes,5,5,Not Applicable,Not Applicable,Yes,7,7,7,Yes,Yes,Sometimes,Sometimes,Yes,No,No,No,Yes,0.2,No,Never,Yes,Magnetic Resonance Imaging,Yes,The same day (7 days a week),Yes,Yes,No,No
Hull Royal Infirmary,5,Yes,1.27,1.54,No,0.12,Yes,Yes,2,2,2,2,2,Not Applicable,Not Applicable,Not Applicable,Not Applicable,Not Applicable,No,2.5,2.5,Not Applicable,Not Applicable,Yes,7,7,5,Yes,Sometimes,Sometimes,Sometimes,Yes,No,No,No,Yes,0.5,No,Less than once a year,No,Computed Tomography,Yes,The same day (7 days a week),Yes,Yes,No,No
Leeds General Infirmary,6,Yes,4.82,0.83,No,0,Yes,Yes,2,2,2,2,2,Not Applicable,Not Applicable,Not Applicable,Not Applicable,Not Applicable,No,2,2,Not Applicable,Not Applicable,No,6,6,5,Yes,Yes,Yes,Yes,Yes,No,No,Yes,Yes,1,Yes,1-2 times a year,No,Rarely image TIAs,Yes,Within a week,Yes,Yes,No,Yes
Pinderfields Hospital,5,No,1,0.28,No,0,Yes,Yes,3,3,3,3,3,Not Applicable,Not Applicable,Not Applicable,Not Applicable,Not Applicable,No,2.73,2.73,Not Applicable,Not Applicable,No,5,5,5,Yes,Yes,Yes,Sometimes,Yes,No,No,Yes,Yes,0.95,No,Less than once a year,Yes,Magnetic Resonance Imaging,Yes,The same day (7 days a week),Yes,Yes,No,No
Scunthorpe General Hospital,5,No,1.89,0.44,Yes,1.33,Yes,Yes,2,3,2,3,2,4,7,4,7,4,No,5,5,1.79,1.79,No,5,7,5,Yes,Yes,Yes,Yes,Yes,Yes,No,Yes,Yes,1,No,Never,No,Computed Tomography,Yes,The same day (5 days a week),Yes,Yes,No,No
Rotherham Hospital,6,Yes,5.78,0.56,No,0.17,Yes,Yes,1,1,1,1,1,Not Applicable,Not Applicable,Not Applicable,Not Applicable,Not Applicable,No,2.5,2.5,Not Applicable,Not Applicable,No,5,5,5,Yes,Yes,Yes,Yes,Yes,No,No,Yes,Yes,1,Yes,1-2 times a year,No,Computed Tomography,Yes,The same day (5 days a week),Yes,Yes,No,Yes
Royal Hallamshire Hospital,6,Yes,2.94,1.06,No,0.44,Yes,Yes,1,1,1,1,1,Not Applicable,Not Applicable,Not Applicable,Not Applicable,Not Applicable,No,1.67,1.67,Not Applicable,Not Applicable,No,6,6,5,No,No,Yes,Yes,Yes,No,No,Yes,Yes,1,Yes,1-2 times a year,Yes,Magnetic Resonance Imaging,Yes,The same day (7 days a week),Yes,Yes,No,Yes
York Hospital,6,Yes,2,0.64,No,0,Yes,Yes,1,1,1,1,1,2,2,2,2,2,No,1.67,1.67,1.18,1.18,No,6,6,5,Yes,Yes,Yes,Yes,Yes,No,No,No,Yes,0.2,Yes,1-2 times a year,Yes,Magnetic Resonance Imaging,Yes,The same day (7 days a week),Yes,Yes,No,No
Scarborough General Hospital,5,Yes,5.62,1.43,No,0,Yes,Yes,Not Applicable,Not Applicable,Not Applicable,Not Applicable,Not Applicable,3,3,3,3,3,No,Not Applicable,Not Applicable,2.14,2.14,No,5,5,5,Yes,Yes,Yes,Sometimes,Yes,No,No,No,No,Not Applicable,Yes,1-2 times a year,Yes,Magnetic Resonance Imaging,Yes,The same day (7 days a week),No,No,No,No
Harrogate District Hospital,3,Yes,2.87,1.33,No,0.2,No,No,Not Applicable,Not Applicable,Not Applicable,Not Applicable,Not Applicable,Not Applicable,Not Applicable,Not Applicable,Not Applicable,Not Applicable,Yes,Not Applicable,Not Applicable,Not Applicable,Not Applicable,No,5,5,5,No,No,No,No,No,No,No,No,Yes,0.25,No,Less than once a year,No,Rarely image TIAs,Yes,The same day (7 days a week),Yes,Yes,No,No
St Peter's Hospital,5,Yes,3.45,0.56,Yes,1.5,Yes,Yes,2,2,2,2,2,Not Applicable,Not Applicable,Not Applicable,Not Applicable,Not Applicable,No,2.22,2.22,Not Applicable,Not Applicable,Yes,7,7,5,No,Yes,Yes,Sometimes,No,No,No,No,Yes,0.4,No,Less than once a year,No,Computed Tomography,Yes,The same day (5 days a week),Yes,Yes,No,Yes
Royal Sussex County Hospital,8,Yes,5.82,0.43,Yes,1.3,Yes,Yes,Not Applicable,Not Applicable,Not Applicable,Not Applicable,Not Applicable,5,6,5,6,5,No,Not Applicable,Not Applicable,2.61,2.61,Yes,7,7,7,Yes,Sometimes,Sometimes,Sometimes,No,No,Yes,Yes,Yes,1,Yes,Continuous (every patient),Yes,Magnetic Resonance Imaging,Yes,The same day (7 days a week),No,No,No,No
Darent Valley Hospital,4,Yes,2.61,0.43,No,0.26,Yes,Yes,Not Applicable,Not Applicable,Not Applicable,Not Applicable,Not Applicable,4,4,4,4,4,No,Not Applicable,Not Applicable,1.74,1.74,No,5,5,5,No,Yes,Yes,Sometimes,No,No,No,No,Yes,0.09,Yes,Continuous (every patient),Yes,Magnetic Resonance Imaging,Yes,The next weekday,No,No,No,No
Queen Elizabeth the Queen Mother Hospital,4,Yes,3.7,0.38,No,0.23,Yes,Yes,Not Applicable,Not Applicable,Not Applicable,Not Applicable,Not Applicable,3,5,3,5,3,No,Not Applicable,Not Applicable,1.92,1.92,No,5,5,5,No,No,No,No,No,No,No,Yes,Yes,1,No,Less than once a year,No,Magnetic Resonance Imaging,Yes,Within a week,Yes,Yes,No,No
William Harvey Hospital,3,Yes,4.16,0.42,No,0.25,Yes,Yes,Not Applicable,Not Applicable,Not Applicable,Not Applicable,Not Applicable,3,5,3,5,3,No,Not Applicable,Not Applicable,2.08,2.08,No,5,5,5,No,Yes,Yes,Yes,No,No,No,No,Yes,0.53,No,Less than once a year,No,Magnetic Resonance Imaging,Yes,Within a week,Yes,Yes,No,No
Eastbourne District General Hospital,4,No,1.53,0.51,No,0,Yes,Yes,3,3,3,3,3,Not Applicable,Not Applicable,Not Applicable,Not Applicable,Not Applicable,Yes,3.33,3.33,Not Applicable,Not Applicable,No,5,5,5,Yes,Yes,Sometimes,Sometimes,Yes,No,No,Yes,Yes,1,No,Less than once a year,No,Computed Tomography,Yes,The next weekday,No,No,No,No
Epsom Hospital,6,Yes,5.79,1.05,No,0.63,Yes,Yes,Not Applicable,Not Applicable,Not Applicable,Not Applicable,Not Applicable,4,5,4,5,4,No,Not Applicable,Not Applicable,2.63,2.63,No,5,5,5,No,Yes,Yes,Yes,No,No,No,Yes,Yes,1,Yes,Continuous (every patient),Yes,Magnetic Resonance Imaging,Yes,The same day (7 days a week),Yes,Yes,Yes,No
Frimley Park Hospital,6,Yes,2.14,0.36,Yes,1.29,Yes,Yes,3,3,3,3,3,Not Applicable,Not Applicable,Not Applicable,Not Applicable,Not Applicable,Yes,3,3,Not Applicable,Not Applicable,No,6,6,6,No,Yes,Yes,Sometimes,No,No,No,Yes,Yes,1,No,Less than once a year,No,Computed Tomography,Yes,The next day,Yes,Yes,Yes,Yes
Maidstone District General Hospital,4,Yes,2.86,0.58,No,0.23,Yes,Yes,Not Applicable,Not Applicable,Not Applicable,Not Applicable,Not Applicable,4,5,4,5,4,No,Not Applicable,Not Applicable,1.92,1.92,No,6,7,5,No,Yes,Yes,Yes,No,No,No,Yes,Yes,1,Yes,More than 4 a year,No,Computed Tomography,Yes,Within a week,No,No,No,No
Tunbridge Wells Hospital,3,No,1.88,0.47,No,0.19,Yes,Yes,Not Applicable,Not Applicable,Not Applicable,Not Applicable,Not Applicable,4,4,4,6,4,No,Not Applicable,Not Applicable,1.25,1.88,No,6,7,5,No,Yes,Yes,Yes,No,No,No,Yes,Yes,1,Yes,More than 4 a year,No,Computed Tomography,Yes,The same day (5 days a week),No,No,No,No
Medway Maritime Hospital,5,Yes,2.92,0.83,No,0,No,No,Not Applicable,Not Applicable,Not Applicable,Not Applicable,Not Applicable,3,5,3,5,3,No,Not Applicable,Not Applicable,2.08,2.08,No,5,5,5,No,Yes,Yes,Sometimes,No,No,No,Yes,Yes,1,Yes,Continuous (every patient),Yes,Magnetic Resonance Imaging,Yes,The same day (7 days a week),Yes,Yes,No,Yes
East Surrey Hospital,3,Yes,2.46,0.36,No,0.21,Yes,Yes,1,1,1,1,1,1,4,1,4,1,No,2.5,2.5,1.67,1.67,No,5,5,5,No,Yes,Yes,Yes,No,No,No,No,Yes,0.4,No,Never,No,Computed Tomography,Yes,Within a week,Yes,Yes,No,No
Worthing Hospital,3,Yes,1.79,0.71,No,0,Yes,Yes,Not Applicable,Not Applicable,Not Applicable,Not Applicable,Not Applicable,3,5,3,5,3,No,Not Applicable,Not Applicable,1.79,1.79,No,5,5,5,No,Yes,Yes,Sometimes,No,No,No,No,No,Not Applicable,No,Less than once a year,Yes,Magnetic Resonance Imaging,Yes,The same day (5 days a week),No,No,No,No
St Richards Hospital,3,Yes,2.04,0.37,No,0,Yes,Yes,2,2,2,2,2,2,2,2,2,2,No,5,5,0.87,0.87,No,5,5,5,No,Yes,Sometimes,Sometimes,No,No,No,No,No,Not Applicable,No,Less than once a year,No,Computed Tomography,Yes,The same day (5 days a week),Yes,Yes,Yes,No
Royal Surrey County Hospital,4,No,1.4,0.56,No,0.17,"At site treating your patients during the first 72h:_x000D_
 Yes","At site treating your patients during the first 72h:_x000D_
 Yes",Not Applicable,Not Applicable,Not Applicable,Not Applicable,Not Applicable,Not Applicable,Not Applicable,Not Applicable,Not Applicable,Not Applicable,"At site treating your patients during the first 72h:_x000D_
 Yes","At site treating your patients during the first 72h:_x000D_
 3","At site treating your patients during the first 72h:_x000D_
 3","At site treating your patients during the first 72h:_x000D_
 Not Applicable","At site treating your patients during the first 72h:_x000D_
 Not Applicable",No,6,7,5,"At site treating your patients during the first 72h:_x000D_
 No","At site treating your patients during the first 72h:_x000D_
 Yes","At site treating your patients during the first 72h:_x000D_
 Yes","At site treating your patients during the first 72h:_x000D_
 Sometimes","At site treating your patients during the first 72h:_x000D_
 No","At site treating your patients during the first 72h:_x000D_
 No","At site treating your patients during the first 72h:_x000D_
 No",No,Yes,0.33,Yes,1-2 times a year,No,Magnetic Resonance Imaging,Not Applicable,Not Applicable,Yes,Yes,Yes,Yes
Gloucestershire Royal Hospital,4,No,1.23,0.38,No,0.12,Yes,Yes,2,3,2,3,2,1,1,1,1,1,No,2.14,2.14,1.11,1.11,No,6,6,5,Yes,Yes,Yes,Sometimes,Yes,No,No,Yes,Yes,1,No,Less than once a year,No,Computed Tomography,Yes,The next day,Yes,Yes,Yes,Yes
Great Western Hospital Swindon,3,Yes,2.67,0.89,No,0,No,No,1,1,1,1,1,Not Applicable,Not Applicable,Not Applicable,Not Applicable,Not Applicable,No,2.5,2.5,Not Applicable,Not Applicable,Yes,7,7,7,No,Yes,Yes,No,Yes,No,Yes,No,Yes,0.3,No,Less than once a year,No,Computed Tomography,Yes,The same day (7 days a week),Yes,Yes,Yes,No
North Bristol Hospitals,7,Yes,1.57,1.37,No,0.26,Yes,Yes,2,3,2,3,2,4,4,4,4,4,No,3.75,3.75,1.9,1.9,Yes,7,7,7,No,Yes,No,Sometimes,Yes,Yes,Yes,Yes,Yes,0.93,Yes,Continuous (every patient),Yes,Magnetic Resonance Imaging,Yes,The same day (5 days a week),Yes,Yes,No,Yes
North Devon District Hospital,2,No,0.83,0.42,No,0.75,No,No,Not Applicable,Not Applicable,Not Applicable,Not Applicable,Not Applicable,3,3,3,3,3,No,Not Applicable,Not Applicable,1.25,1.25,No,6,6,5,No,Yes,Yes,Yes,No,No,No,Yes,Yes,1,Yes,Continuous (every patient),No,Rarely image TIAs,Yes,The next weekday,No,No,No,No
Royal Cornwall Hospital,5,Yes,3.54,0.48,No,0,Yes,Yes,1,1,1,1,1,Not Applicable,Not Applicable,Not Applicable,Not Applicable,Not Applicable,Yes,5,5,Not Applicable,Not Applicable,No,6,6,6,No,No,Yes,Sometimes,No,No,No,Yes,Yes,1,No,Less than once a year,No,Computed Tomography,Yes,The same day (7 days a week),Yes,Yes,No,No
Royal Devon and Exeter Hospital,3,No,1.82,0.45,No,0,Yes,Yes,Not Applicable,Not Applicable,Not Applicable,Not Applicable,Not Applicable,6,8,6,8,6,No,Not Applicable,Not Applicable,1.82,1.82,No,6,6,5,Yes,Yes,Yes,Yes,Yes,No,No,No,Yes,0.64,No,Less than once a year,No,Computed Tomography,Yes,The same day (5 days a week),Yes,Yes,No,Yes
Royal United Hospital Bath,5,No,1.72,0.38,No,0,Yes,Yes,1,2,1,2,1,2,2,2,2,2,No,5,5,0.91,0.91,Yes,7,7,7,Yes,Yes,Yes,Sometimes,Yes,No,No,Yes,Yes,1,No,Less than once a year,Yes,Magnetic Resonance Imaging,Yes,The same day (7 days a week),No,No,No,No
Salisbury District Hospital,5,No,0.93,0.33,No,0.1,Yes,Yes,Not Applicable,Not Applicable,Not Applicable,Not Applicable,Not Applicable,3,5,3,5,3,No,Not Applicable,Not Applicable,1.67,1.67,Yes,7,7,5,No,Yes,Yes,Sometimes,No,No,No,Yes,Yes,0.96,Yes,More than 4 a year,No,Computed Tomography,Yes,The same day (7 days a week),Yes,Yes,Yes,Yes
Musgrove Park Hospital,6,Yes,3.13,1.65,No,0,Yes,Yes,2,2,2,2,2,3,3,3,3,3,No,5,5,1.58,1.58,Yes,7,7,5,No,Yes,Yes,Yes,No,No,No,Yes,Yes,1,Yes,More than 4 a year,No,Magnetic Resonance Imaging,Yes,Within a week,Yes,Yes,No,Yes
Torbay Hospital,3,No,1.16,0.47,No,0.07,No,No,Not Applicable,Not Applicable,Not Applicable,Not Applicable,Not Applicable,5,5,5,5,5,No,Not Applicable,Not Applicable,1.79,1.79,Yes,7,7,5,Yes,Yes,Yes,Yes,Yes,No,Yes,Yes,Yes,1,No,Never,No,Computed Tomography,Yes,The same day (5 days a week),No,No,No,No
University Hospitals Bristol Inpatient Team,1,No,0.8,0.4,No,0,No,No,2,2,2,2,2,Not Applicable,Not Applicable,Not Applicable,Not Applicable,Not Applicable,No,2,2,Not Applicable,Not Applicable,No,5,5,5,No,Yes,Yes,Sometimes,No,No,No,Yes,Yes,0.7,No,Never,No,Computed Tomography,Yes,The same day (5 days a week),No,No,No,No
Derriford Hospital,3,Yes,1.74,1.82,No,0.14,No,No,Not Applicable,Not Applicable,Not Applicable,Not Applicable,Not Applicable,3,3,3,3,3,No,Not Applicable,Not Applicable,1.36,1.36,No,5,5,5,No,Yes,Yes,Sometimes,No,No,No,Yes,Yes,0.9,No,Less than once a year,No,Computed Tomography,Yes,Within a week,Yes,Yes,No,No
Weston General Hospital,1,No,0.83,0.42,No,0,No,No,Not Applicable,Not Applicable,Not Applicable,Not Applicable,Not Applicable,3,4,3,4,3,No,Not Applicable,Not Applicable,1.67,1.67,No,5,5,Not Applicable,No,Yes,Sometimes,No,Yes,Yes,Yes,No,No,Not Applicable,No,Never,No,Computed Tomography,Not Applicable,Not Applicable,Yes,Yes,No,No
Yeovil District Hospital,7,No,1.41,0.62,No,0.38,Yes,Yes,1,1,1,1,1,2,2,2,2,2,No,2.5,2.5,1.67,1.67,Yes,7,7,5,Yes,Yes,Yes,Yes,Yes,Yes,Yes,Yes,Yes,1,Yes,Continuous (every patient),Yes,Magnetic Resonance Imaging,Yes,The same day (5 days a week),Yes,Yes,No,Yes
Wycombe General Hospital,3,No,1.71,0.49,No,0.36,Yes,Yes,2,3,2,3,2,Not Applicable,Not Applicable,Not Applicable,Not Applicable,Not Applicable,No,2.5,2.5,Not Applicable,Not Applicable,No,6,5,5,Yes,Yes,Yes,Yes,Yes,No,No,Yes,Yes,1,No,Less than once a year,No,Magnetic Resonance Imaging,Yes,Within a week,No,No,No,No
Milton Keynes General Hospital,4,Yes,1.67,0.83,No,0,No,No,Not Applicable,Not Applicable,Not Applicable,Not Applicable,Not Applicable,3,5,3,5,3,No,Not Applicable,Not Applicable,2.08,2.08,No,6,7,5,No,Yes,Yes,Yes,No,No,No,Yes,Yes,1,No,Less than once a year,Yes,Magnetic Resonance Imaging,Yes,The same day (5 days a week),Yes,Yes,No,No
John Radcliffe Hospital,6,Yes,7,1.11,No,0,Yes,Yes,2,2,2,2,2,Not Applicable,Not Applicable,Not Applicable,Not Applicable,Not Applicable,No,2.5,2.5,Not Applicable,Not Applicable,No,5,5,5,Yes,Yes,Sometimes,Sometimes,Yes,Yes,Yes,Yes,Yes,1,Yes,1-2 times a year,Yes,Magnetic Resonance Imaging,Yes,The same day (7 days a week),No,No,No,No
Horton General Hospital,1,No,0,1,No,0,No,No,Not Applicable,Not Applicable,Not Applicable,Not Applicable,Not Applicable,2,2,2,2,2,No,Not Applicable,Not Applicable,2,2,No,5,5,5,No,No,No,No,No,No,No,No,Yes,0.3,No,Never,No,Computed Tomography,Not Applicable,Not Applicable,Yes,Yes,No,No
Royal Berkshire Hospital,5,Yes,3.67,0.33,No,0.2,No,No,1,1,1,1,1,3,3,3,3,3,No,1.67,1.67,1.25,1.25,No,5,5,5,No,Yes,Yes,Sometimes,No,No,No,Yes,Yes,1,Yes,1-2 times a year,Yes,Magnetic Resonance Imaging,Yes,The same day (7 days a week),Yes,Yes,No,No
Dorset County Hospital,6,No,1.5,0.5,No,0,Yes,Yes,1,2,1,2,1,Not Applicable,Not Applicable,Not Applicable,Not Applicable,Not Applicable,Yes,3.33,3.33,Not Applicable,Not Applicable,No,5,5,5,Yes,Yes,Yes,Sometimes,Yes,Yes,Yes,Yes,Yes,1,Yes,Continuous (every patient),No,Computed Tomography,Yes,The same day (5 days a week),Yes,Yes,No,Yes
Royal Hampshire County Hospital,3,No,1.76,0.44,No,0.09,Yes,Yes,Not Applicable,Not Applicable,Not Applicable,Not Applicable,Not Applicable,4,6,4,6,4,No,Not Applicable,Not Applicable,1.76,1.76,Yes,7,7,7,No,Yes,Yes,Sometimes,No,No,No,No,Yes,0.4,No,Less than once a year,Yes,Magnetic Resonance Imaging,Yes,The same day (7 days a week),No,No,No,No
St Mary's Hospital Newport,4,Yes,2.92,0,No,0.25,Yes,Yes,Not Applicable,Not Applicable,Not Applicable,Not Applicable,Not Applicable,3,5,3,5,3,No,Not Applicable,Not Applicable,2.08,2.08,No,5,5,5,No,Yes,Yes,Yes,No,No,No,Yes,Yes,1,No,Less than once a year,No,Computed Tomography,Yes,Within a week,Yes,Yes,No,No
Poole Hospital,5,No,1.11,0.56,No,0.33,No,No,1,1,1,1,1,1,1,1,1,1,No,2.5,2.5,2.5,2.5,Yes,7,7,5,Yes,Yes,Yes,Sometimes,Yes,Yes,Yes,Yes,Yes,1,Yes,Continuous (every patient),No,Computed Tomography,Yes,The same day (7 days a week),Yes,Yes,No,No
Queen Alexandra Hospital Portsmouth,5,Yes,2.04,0.59,No,0,Yes,Yes,4,4,4,4,4,Not Applicable,Not Applicable,Not Applicable,Not Applicable,Not Applicable,Yes,3.33,3.33,Not Applicable,Not Applicable,No,5,5,5,No,Yes,Yes,Yes,No,No,No,Yes,Yes,1,No,Less than once a year,No,Computed Tomography,Yes,The next day,Yes,Yes,No,No
Royal Bournemouth General Hospital,5,No,1.39,0.5,No,0.17,Yes,Yes,Not Applicable,Not Applicable,Not Applicable,Not Applicable,Not Applicable,4,8,4,8,4,No,Not Applicable,Not Applicable,2.22,2.22,Yes,7,7,7,No,Yes,No,No,No,No,No,Yes,Yes,1,Yes,Continuous (every patient),No,Computed Tomography,Yes,The same day (7 days a week),Yes,Yes,No,Yes
Southampton General Hospital,5,Yes,2.05,0.49,No,0.15,Yes,Yes,2,3,2,3,2,Not Applicable,Not Applicable,Not Applicable,Not Applicable,Not Applicable,No,2.31,2.31,Not Applicable,Not Applicable,No,6,7,5,Yes,Yes,Sometimes,Sometimes,Yes,No,No,Yes,Yes,1,Yes,1-2 times a year,No,Computed Tomography,Yes,Within a week,No,No,No,No
Royal Gwent Hospital,4,Yes,4,1.52,Yes,2.4,Yes,Yes,3,5,3,5,3,Not Applicable,Not Applicable,Not Applicable,Not Applicable,Not Applicable,No,2.78,2.78,Not Applicable,Not Applicable,No,6,6,6,No,Yes,Yes,Sometimes,No,No,No,No,Yes,0.4,No,Less than once a year,No,Computed Tomography,Yes,The next day,Yes,Yes,Yes,No
Glan Clwyd District General Hospital,3,No,1.36,0.71,No,0.43,Yes,Yes,Not Applicable,Not Applicable,Not Applicable,Not Applicable,Not Applicable,2,4,2,4,2,No,Not Applicable,Not Applicable,1.43,1.43,No,5,5,5,No,Yes,Sometimes,Sometimes,No,No,No,No,No,Not Applicable,Yes,Continuous (every patient),No,Computed Tomography,Yes,The same day (5 days a week),Yes,Yes,Yes,No
Maelor Hospital,4,Yes,2.38,0.48,No,0,Yes,Yes,Not Applicable,Not Applicable,Not Applicable,Not Applicable,Not Applicable,3,4,3,4,3,No,Not Applicable,Not Applicable,1.9,1.9,No,5,7,5,No,Yes,Sometimes,Sometimes,No,No,No,No,Yes,0.05,Yes,Continuous (every patient),No,Computed Tomography,Yes,The same day (5 days a week),Yes,Yes,Yes,No
Ysbyty Gwynedd,6,Yes,2.31,1.54,No,0.46,Yes,Yes,Not Applicable,Not Applicable,Not Applicable,Not Applicable,Not Applicable,2,2,2,2,2,No,Not Applicable,Not Applicable,1.54,1.54,Yes,7,7,5,Yes,Yes,Yes,Sometimes,Yes,Yes,No,No,No,Not Applicable,Yes,Continuous (every patient),No,Computed Tomography,Yes,The next weekday,Yes,Yes,Yes,No
University Hospital of Wales,4,Yes,3.09,0.56,No,0.33,No,No,Not Applicable,Not Applicable,Not Applicable,Not Applicable,Not Applicable,3,3,3,3,3,No,Not Applicable,Not Applicable,1.67,1.67,Yes,7,7,6,No,Yes,Yes,Sometimes,No,No,No,Yes,Yes,1,No,Never,No,Computed Tomography,Yes,Within a week,Yes,Yes,No,Yes
Princess Of Wales Hospital,3,Yes,1.25,1.25,No,0,No,No,Not Applicable,Not Applicable,Not Applicable,Not Applicable,Not Applicable,3,4,3,4,3,No,Not Applicable,Not Applicable,1.67,1.67,No,5,5,5,No,Yes,Sometimes,Sometimes,No,No,No,No,No,Not Applicable,Yes,3-4 times a year,No,Computed Tomography,Yes,The next weekday,Yes,Yes,No,No
Prince Charles Hospital,5,No,1.25,0.42,No,0.12,Yes,Yes,Not Applicable,Not Applicable,Not Applicable,Not Applicable,Not Applicable,3,4,3,4,3,No,Not Applicable,Not Applicable,1.67,1.67,No,5,5,5,Yes,Yes,Yes,Yes,Yes,Yes,Yes,Yes,Yes,0.7,Yes,Continuous (every patient),No,Computed Tomography,Yes,Within a week,Yes,Yes,No,No
West Wales General,4,No,1,0.5,No,0,No,No,1,2,1,2,1,Not Applicable,Not Applicable,Not Applicable,Not Applicable,Not Applicable,Yes,5,5,Not Applicable,Not Applicable,No,5,5,5,Yes,Yes,Yes,Sometimes,Yes,No,Yes,No,No,Not Applicable,Yes,Continuous (every patient),No,Computed Tomography,Yes,The next day,Yes,Yes,No,No
Withybush General Hospital,3,No,1.11,0.56,No,0,No,No,1,1,1,1,1,Not Applicable,Not Applicable,Not Applicable,Not Applicable,Not Applicable,No,2.5,2.5,Not Applicable,Not Applicable,No,5,5,5,Yes,Yes,Yes,Sometimes,Yes,Yes,Yes,No,No,Not Applicable,Yes,Continuous (every patient),No,Computed Tomography,Yes,Within a week,Yes,Yes,No,No
Prince Philip Hospital,3,No,0.87,0.43,No,0,No,No,1,2,1,2,1,Not Applicable,Not Applicable,Not Applicable,Not Applicable,Not Applicable,Yes,4,4,Not Applicable,Not Applicable,No,5,5,5,No,No,Yes,Yes,No,No,No,No,No,Not Applicable,Yes,1-2 times a year,No,Computed Tomography,Yes,Within a week,Yes,Yes,No,No
Bronglais Hospital,3,No,1.62,0.55,No,0,No,No,1,2,1,2,1,Not Applicable,Not Applicable,Not Applicable,Not Applicable,Not Applicable,Yes,5,5,Not Applicable,Not Applicable,No,5,5,5,No,Yes,Yes,Yes,No,No,No,No,No,Not Applicable,Yes,Continuous (every patient),No,Computed Tomography,Yes,Within a week,Yes,Yes,No,No
Morriston Hospital,4,Yes,2.08,0.83,No,0,No,No,Not Applicable,Not Applicable,Not Applicable,Not Applicable,Not Applicable,3,4,3,4,3,No,Not Applicable,Not Applicable,1.67,1.67,Yes,7,7,5,No,Yes,Yes,No,No,No,No,No,No,Not Applicable,Yes,1-2 times a year,No,Computed Tomography,Yes,The next weekday,Yes,Yes,Yes,Yes
Royal Victoria Hospital Belfast,5,Yes,4.8,0.32,No,0,Yes,Yes,2,3,2,3,2,Not Applicable,Not Applicable,Not Applicable,Not Applicable,Not Applicable,Yes,3.75,3.75,Not Applicable,Not Applicable,No,5,7,6,No,Yes,Yes,Sometimes,No,No,No,Yes,Yes,1,Yes,3-4 times a year,No,Computed Tomography,Yes,The next day,No,No,No,No
Causeway Hospital,2,No,1.25,1.08,No,0,No,No,Not Applicable,Not Applicable,Not Applicable,Not Applicable,Not Applicable,2,3,2,3,2,No,Not Applicable,Not Applicable,2.5,2.5,No,5,5,Not Applicable,Yes,Yes,Yes,Yes,Yes,Yes,Yes,No,No,Not Applicable,No,Less than once a year,No,Rarely image TIAs,Yes,The same day (5 days a week),Yes,Yes,No,No
Antrim Area Hospital,2,Yes,2.33,1.17,No,0,No,No,Not Applicable,Not Applicable,Not Applicable,Not Applicable,Not Applicable,2,2,2,2,2,No,Not Applicable,Not Applicable,1.67,1.67,No,5,5,5,No,No,Yes,Sometimes,No,No,No,No,No,Not Applicable,No,Less than once a year,No,Computed Tomography,Yes,The same day (5 days a week),Yes,Yes,No,No
Ulster Hospital,5,Yes,2.08,0.42,No,0,Yes,Yes,Not Applicable,Not Applicable,Not Applicable,Not Applicable,Not Applicable,3,5,3,5,3,No,Not Applicable,Not Applicable,2.08,2.08,No,6,6,6,No,Yes,Yes,Yes,No,No,No,Yes,Yes,1,Yes,Continuous (every patient),No,Computed Tomography,Yes,The next weekday,Yes,Yes,No,No
Craigavon Area Hospital,2,Yes,2.63,0.26,No,0,No,No,Not Applicable,Not Applicable,Not Applicable,Not Applicable,Not Applicable,2,3,2,3,2,No,Not Applicable,Not Applicable,2.14,2.14,No,5,5,5,No,Yes,Yes,Sometimes,No,No,No,Yes,Yes,1,No,Less than once a year,No,Magnetic Resonance Imaging,Yes,Within a week,No,No,No,No
Daisy Hill Hospital,2,No,1.5,0.33,No,0,No,No,Not Applicable,Not Applicable,Not Applicable,Not Applicable,Not Applicable,1,3,1,3,1,Yes,Not Applicable,Not Applicable,3,3,No,5,5,5,No,Yes,Yes,Sometimes,No,No,No,Yes,Yes,1,No,Less than once a year,No,Magnetic Resonance Imaging,Not Applicable,Not Applicable,No,No,No,No
Altnagelvin Hospital,3,No,1.2,0.4,No,0,No,No,1,1,1,1,1,Not Applicable,Not Applicable,Not Applicable,Not Applicable,Not Applicable,Yes,10,10,Not Applicable,Not Applicable,No,5,5,Not Applicable,No,Yes,Yes,Yes,No,No,No,No,No,Not Applicable,Yes,1-2 times a year,Yes,Magnetic Resonance Imaging,Yes,The same day (5 days a week),No,No,No,No
South West Acute Hospital,3,No,1.56,0.56,No,0,No,No,1,1,1,1,1,Not Applicable,Not Applicable,Not Applicable,Not Applicable,Not Applicable,Yes,5,5,Not Applicable,Not Applicable,No,5,5,Not Applicable,Yes,Yes,Yes,Yes,Yes,Yes,Yes,No,No,Not Applicable,Yes,1-2 times a year,No,Computed Tomography,Yes,Within a week,No,No,No,No
Noble's Hospital,3,Yes,5,0.83,No,0,Yes,Yes,Not Applicable,Not Applicable,Not Applicable,Not Applicable,Not Applicable,3,3,3,3,3,No,Not Applicable,Not Applicable,2.5,2.5,No,5,5,5,No,Yes,Yes,Yes,No,No,No,No,No,Not Applicable,Yes,Continuous (every patient),No,Magnetic Resonance Imaging,Yes,Within a week,No,No,No,No
Walton Centre Stroke Team,,,,,,,,,,,,,,,,,,,,,,,,,,,,,,,,,,,,,,,,,,,,,,,
Queen's Medical Centre - Nottingham,,,,,,,,,,,,,,,,,,,,,,,,,,,,,,,,,,,,,,,,,,,,,,,
